{"type": "metrics", "dataset": "train", "precision": 0.6808588064046579, "balanced_accuracy": 0.6709682200599134, "recall": 0.395978835978836, "f1_score": 0.5007359828716714}
{"type": "metrics", "dataset": "test", "precision": 0.6550552251486831, "balanced_accuracy": 0.6735553408028313, "recall": 0.40451206715634835, "f1_score": 0.5001621796951022}
{"type": "cm_matrix", "dataset": "train", "true_0": {"predicted_0": 15351, "predicted_1": 877}, "true_1": {"predicted_0": 2854, "predicted_1": 1871}}
{"type": "cm_matrix", "dataset": "test", "true_0": {"predicted_0": 6667, "predicted_1": 406}, "true_1": {"predicted_0": 1135, "predicted_1": 771}}
